Threshold,Accuracy,Precision,Recall,F1-Score,AUC
0.3,0.6325515280739161,0.41477949940405245,0.93048128342246,0.5737840065952184,0.8351344145860403
0.4,0.6851457000710732,0.4521497919556172,0.8716577540106952,0.5954337899543379,0.8351344145860403
0.5,0.7256574271499645,0.4901315789473684,0.7967914438502673,0.6069246435845214,0.8351344145860403
0.6,0.7633262260127932,0.5414141414141415,0.7165775401069518,0.616800920598389,0.8351344145860403
0.7,0.7938877043354655,0.6111111111111112,0.6176470588235294,0.6143617021276596,0.8351344145860403
